DROP TABLE IF EXISTS `Supervisor`;
CREATE TABLE IF NOT EXISTS `Supervisor` (
	`Supervisor_ID`	INTEGER,
	`First_Name`	TEXT,
	`Last_Name`	TEXT,
	PRIMARY KEY(`Supervisor_ID`)
);
INSERT INTO `Supervisor` (Supervisor_ID,First_Name,Last_Name) VALUES (1330,'Halli','Grigorey'),
 (4004,'Ashley','Culross'),
 (7496,'Gilbertina','Fitzjohn');
 DROP TABLE IF EXISTS `Employees`;
CREATE TABLE IF NOT EXISTS `Employees` (
	`Employee_ID`	INTEGER,
	`First_Name`	TEXT,
	`Last_Name`	TEXT,
	`Hire_Date`	TEXT,
	`Members_Representing`	INTEGER,
	`Supervisor`	INTEGER,
	PRIMARY KEY(`Employee_ID`),
	FOREIGN KEY(`Supervisor`) REFERENCES `Supervisor`(`Supervisor_ID`)
);
INSERT INTO `Employees` (Employee_ID,First_Name,Last_Name,Hire_Date,Members_Representing,Supervisor) VALUES (1238,'Merrilee','Dalliwatr','01/02/2021',14,7496),
 (1330,'Halli','Grigorey','07/20/2017',16,4004),
 (1453,'Ardelle','Wones','06/29/2018',11,7496),
 (1662,'Roth','Mirando','12/03/2021',14,7496),
 (1763,'Bonita','Elleton','09/29/2023',15,7496),
 (2081,'Rubetta','Stevani','06/25/2018',12,7496),
 (2129,'Robbie','Lufkin','06/23/2020',12,7496),
 (2300,'Abbott','Endecott','03/31/2019',20,1330),
 (2813,'Silva','Jarrell','05/23/2017',2,1330),
 (3061,'Darin','Fayer','03/27/2022',7,7496),
 (3904,'Hazlett','Moston','03/08/2019',4,1330),
 (4004,'Ashley','Culross','03/12/2017',4,4004),
 (4615,'Webster','Challen','11/24/2022',1,1330),
 (5348,'Taite','Wallett','06/24/2021',12,1330),
 (5578,'Tally','Knappe','03/19/2022',13,1330),
 (6463,'Manon','Keam','11/25/2022',3,7496),
 (6630,'Waneta','Sperling','05/15/2018',12,1330),
 (6761,'Goran','Chatain','05/18/2019',9,1330),
 (7201,'Livia','Edison','11/23/2018',9,7496),
 (7496,'Gilbertina','Fitzjohn','05/01/2017',19,4004),
 (7507,'Dennis','Scriver','04/23/2020',9,7496),
 (7574,'Tim','Yelyashev','06/02/2021',20,1330),
 (7578,'Lewes','Badsworth','12/04/2022',11,1330),
 (7931,'Prudy','Berthouloume','03/29/2021',3,1330),
 (7981,'Lauren','McFeat','01/24/2020',10,1330),
 (8014,'Eva','Barthorpe','12/05/2018',9,7496),
 (8365,'Vaughn','Spellworth','03/18/2021',15,1330),
 (8499,'Paul','Conningham','04/28/2023',18,7496),
 (8520,'Elvera','Dalyiel','12/29/2020',7,7496),
 (9152,'Anissa','Motion','10/18/2018',13,1330);
DROP TABLE IF EXISTS `Membership_Types`;
CREATE TABLE IF NOT EXISTS `Membership_Types` (
	`Membership_Type_ID`	INTEGER,
	`Type`	TEXT,
	`Duration`	INTEGER,
	`Cost`	TEXT,
	PRIMARY KEY(`Membership_Type_ID`)
);
INSERT INTO `Membership_Types` (Membership_Type_ID,Type,Duration,Cost) VALUES (1,'Aluminum',9,'$10.54'),
 (2,'Glass',12,'$14.03'),
 (3,'Brass',4,'$17.33'),
 (4,'Silver',10,'$36.41'),
 (5,'Gold',7,'$45.13');
DROP TABLE IF EXISTS `Members`;
CREATE TABLE IF NOT EXISTS `Members` (
	`Member_ID`	INTEGER UNIQUE,
	`First_Name`	TEXT,
	`Last_Name`	TEXT,
	`Join_Date`	TEXT,
	`Last_Visit`	TEXT,
	`Total_Visits`	INTEGER,
	`Employee_Sponsor`	INTEGER,
	`Membership`	INTEGER,
	FOREIGN KEY(`Membership`) REFERENCES `Membership_Types`(`Membership_Type_ID`),
	FOREIGN KEY(`Employee_Sponsor`) REFERENCES `Employees`(`Employee_ID`),
	PRIMARY KEY(`Member_ID`)
);
INSERT INTO `Members` (Member_ID,First_Name,Last_Name,Join_Date,Last_Visit,Total_Visits,Employee_Sponsor,Membership) VALUES (112425,'Lew','Narraway','08/19/2019','06/20/2023',835,4615,1),
 (128675,'Davita','Deans','06/07/2019','05/05/2023',506,6630,4),
 (136827,'Nikolia','Demeter','06/15/2020','12/05/2022',391,8365,4),
 (140604,'Timmie','Procter','09/20/2017','12/29/2022',834,7574,1),
 (144490,'Shermy','Dacca','12/20/2017','02/03/2023',124,5578,2),
 (153915,'Delinda','MacAvaddy','11/09/2022','10/21/2022',14,5348,2),
 (156610,'Mandy','Funcheon','11/12/2019','12/15/2022',589,2813,3),
 (159786,'Evy','Aikman','04/16/2020','10/29/2022',665,2081,1),
 (176759,'Michaelina','Adamek','12/21/2018','07/24/2022',136,1662,3),
 (182088,'Falito','Pickworth','02/11/2021','09/02/2023',964,2129,1),
 (187968,'Gracie','Ashtonhurst','02/11/2019','04/01/2023',515,7931,5),
 (213174,'Lotte','Loosley','08/11/2020','10/15/2022',457,8499,2),
 (263402,'Gale','Krolle','08/20/2018','02/20/2023',573,1238,5),
 (269016,'Farly','Streeton','09/13/2021','02/24/2023',551,6463,5),
 (279865,'Heinrick','Folcarelli','05/13/2018','02/04/2023',239,7201,2),
 (282319,'Lisbeth','Noonan','01/03/2023','12/26/2022',346,7578,3),
 (283173,'Emera','Syalvester','08/27/2020','06/06/2023',3,7981,5),
 (295887,'Ermentrude','Lautie','10/03/2020','07/28/2023',40,3904,3),
 (300354,'Nicholle','Tedman','02/05/2023','04/11/2023',569,1330,5),
 (304707,'Moreen','Yeudall','09/08/2021','08/10/2022',500,6761,3),
 (317622,'Yorke','Stouther','09/09/2017','10/19/2022',462,7496,3),
 (318120,'Tawsha','Gadeaux','06/18/2022','03/10/2023',337,8014,2),
 (335771,'Suzy','Matisoff','09/08/2018','11/15/2022',886,8520,1),
 (339271,'Dukie','Battelle','12/17/2018','03/17/2023',223,7507,5),
 (343760,'Dinah','Larking','01/26/2019','05/26/2023',921,3061,5),
 (345010,'Lorie','Soigne','06/17/2018','09/30/2023',461,1763,5),
 (347774,'Jana','Schukraft','03/19/2021','09/24/2023',982,4004,2),
 (354397,'Rori','Prickett','10/02/2018','03/15/2023',741,1453,2),
 (359750,'Cody','Neylon','09/09/2020','09/22/2023',243,9152,3),
 (363542,'Joseito','Emms','07/08/2019','02/25/2023',210,2300,3),
 (377254,'Chere','Dunaway','09/02/2019','09/30/2023',381,4615,4),
 (386848,'Willy','Coull','11/21/2018','07/31/2022',214,6630,5),
 (394135,'Mikkel','Valerio','08/19/2020','07/24/2023',196,8365,1),
 (413805,'Osgood','Elvin','12/15/2017','09/05/2022',581,7574,3),
 (431624,'Mikaela','Ingamells','02/28/2020','08/01/2022',541,5578,2),
 (440812,'Jackie','Cancutt','06/12/2022','11/14/2022',276,5348,5),
 (455611,'Stephie','Lalevee','07/28/2021','02/21/2023',707,2813,2),
 (460118,'Nisse','Tree','10/12/2022','02/21/2023',652,2081,4),
 (464096,'Willey','Shorto','03/25/2023','02/20/2023',991,1662,5),
 (469445,'Jinny','Garretts','07/24/2022','03/14/2023',673,2129,4),
 (478643,'Alejandra','Tomaschke','07/10/2018','11/04/2022',318,7931,3),
 (531126,'Carlie','Methven','12/02/2021','06/21/2023',572,8499,3),
 (535784,'Bryant','Smithend','03/08/2019','12/26/2022',547,1238,4),
 (540565,'Sybil','Lindeboom','09/20/2021','10/24/2022',702,6463,5),
 (555325,'Curcio','Killby','12/02/2019','08/31/2023',900,7201,3),
 (558050,'Cathe','Tesmond','09/03/2021','02/26/2023',437,7578,1),
 (568500,'Benton','Bebis','04/06/2021','01/27/2023',619,7981,4),
 (588766,'Kirstyn','Bence','01/23/2020','10/30/2022',82,3904,4),
 (598342,'Anna','Bullivant','03/03/2018','06/14/2023',2,1330,5),
 (604139,'Arliene','Douris','06/07/2018','10/02/2022',439,6761,2),
 (604249,'Reamonn','Garms','09/22/2018','04/29/2023',763,7496,1),
 (606326,'Clarie','Arnke','05/20/2019','01/18/2023',395,8014,1),
 (608617,'Janetta','Nineham','12/16/2017','01/16/2023',284,8520,4),
 (609798,'Amil','Beeres','02/05/2021','07/30/2022',333,7507,5),
 (626724,'Sean','Weekland','06/26/2022','04/27/2023',313,3061,1),
 (636939,'Alecia','Beacock','08/25/2022','07/31/2023',228,1763,3),
 (637072,'Zach','Rebeiro','08/21/2021','06/06/2023',470,4004,3),
 (638862,'Chancey','Docwra','04/13/2020','07/09/2022',914,1453,4),
 (638895,'Moina','Lainton','02/03/2021','11/17/2022',850,9152,2),
 (638945,'Aloysius','Zanitti','04/17/2020','08/05/2022',397,2300,3),
 (639698,'Ram','Sare','05/18/2021','07/20/2023',768,4615,5),
 (642383,'Louis','Burhouse','01/06/2019','09/20/2023',574,6630,3),
 (648781,'Kendell','Tyler','02/09/2021','12/11/2022',856,8365,5),
 (667390,'Jarret','Francesco','09/21/2022','09/12/2022',224,7574,1),
 (681133,'Irena','Offell','02/10/2020','08/04/2022',62,5578,3),
 (682905,'Brock','Jillett','08/20/2022','08/10/2022',878,5348,1),
 (690025,'Sydel','Corson','12/05/2020','07/10/2023',453,2813,5),
 (693893,'Geoff','Cocozza','03/04/2019','11/15/2022',835,2081,2),
 (696368,'Ninette','Merricks','09/07/2022','12/22/2022',484,1662,3),
 (698690,'Son','Beglin','02/19/2022','01/17/2023',699,2129,3),
 (720673,'Xaviera','Pollack','04/11/2018','05/06/2023',674,7931,3),
 (741120,'Maria','Loos','01/29/2021','05/25/2023',473,8499,5),
 (744067,'Appolonia','Playdon','02/06/2023','07/17/2023',824,1238,4),
 (745553,'Rodolph','Baudry','05/02/2018','08/08/2022',964,6463,1),
 (746644,'Aeriell','Maddick','12/02/2020','06/15/2023',104,7201,4),
 (754865,'Marcy','Struijs','12/02/2018','10/29/2022',393,7578,1),
 (760223,'Georgi','Bergstram','05/25/2022','07/04/2022',453,7981,5),
 (766934,'Sydelle','Coltman','09/02/2019','09/06/2022',617,3904,3),
 (772220,'Vittoria','Latham','01/30/2021','09/01/2022',333,1330,3),
 (774675,'Gratiana','Klimentyev','08/17/2018','01/15/2023',178,6761,1),
 (788906,'Othello','Le Blond','08/16/2020','07/14/2023',219,7496,3),
 (798785,'Tildy','Filippo','02/03/2023','09/29/2022',383,8014,3),
 (801104,'Levi','Burwell','07/21/2018','07/25/2023',176,8520,4),
 (804481,'Lulita','Jewster','03/22/2020','07/23/2023',441,7507,4),
 (805383,'Germana','Delhanty','02/27/2020','10/02/2023',917,3061,5),
 (806663,'Sonnie','Whenman','01/06/2018','03/14/2023',88,1763,5),
 (819153,'Udale','Haitlie','08/22/2020','12/21/2022',78,4004,3),
 (841611,'Maressa','Fedorchenko','01/17/2023','10/15/2022',366,1453,1),
 (851363,'Corella','Kinnen','06/10/2021','11/09/2022',560,9152,5),
 (863512,'Stafani','Wieprecht','11/15/2020','11/17/2022',189,2300,2),
 (865175,'Daria','Kiehne','01/11/2019','09/10/2022',777,4615,1),
 (881260,'Audrie','Gitthouse','07/04/2018','02/20/2023',359,6630,5),
 (882018,'Merrie','Iwanowicz','09/24/2021','08/03/2022',984,8365,1),
 (909718,'Cece','Glenfield','04/10/2019','10/16/2022',648,7574,1),
 (936511,'Shelby','Whatham','11/24/2018','11/18/2022',987,5578,2),
 (942728,'Estella','Sciusscietto','07/01/2021','04/02/2023',309,5348,5),
 (965930,'Allegra','Bradick','12/25/2017','07/23/2022',759,2813,4),
 (976247,'Cameron','Shimon','02/27/2023','09/08/2022',979,2081,4),
 (976483,'Vanessa','Fawks','10/16/2017','08/09/2022',491,1662,1),
 (985880,'Keslie','Baggalley','01/12/2019','07/13/2022',158,2129,1);
DROP TABLE IF EXISTS `Equipment`;
CREATE TABLE IF NOT EXISTS `Equipment` (
	`Equipment_ID`	INTEGER UNIQUE,
	`Cost`	TEXT,
	`Daily_Usage`	TEXT,
	`Employee_Owner`	INTEGER,
	FOREIGN KEY(`Employee_Owner`) REFERENCES `Employees`(`Employee_ID`),
	PRIMARY KEY(`Equipment_ID`)
);
INSERT INTO `Equipment` (Equipment_ID,Cost,Daily_Usage,Employee_Owner) VALUES (11115,'$9678.81','4:12',4615),
 (19631,'$3766.76','5:35',6630),
 (20052,'$1606.13','3:50',8365),
 (21043,'$8715.66','20:59',7574),
 (21183,'$8683.11','0:55',5578),
 (26675,'$4664.58','8:48',5348),
 (29184,'$1416.17','0:25',2813),
 (29548,'$5062.96','17:11',2081),
 (32189,'$4098.26','18:50',1662),
 (35354,'$6968.71','1:29',2129),
 (37398,'$5030.42','9:59',4615),
 (43477,'$6643.69','18:46',6630),
 (45384,'$1933.62','1:43',8365),
 (45851,'$8433.86','22:20',7574),
 (46845,'$7031.21','18:33',5578),
 (47499,'$703.04','19:50',5348),
 (48702,'$9813.35','17:34',2813),
 (53393,'$6121.09','11:12',2081),
 (53394,'$2237.76','8:44',1662),
 (54580,'$8136.32','16:32',2129),
 (54729,'$8483.75','2:38',7496),
 (55684,'$6973.18','12:17',7496),
 (55762,'$3245.38','7:48',7496),
 (56003,'$7705.98','23:53',7496),
 (57118,'$1104.44','16:36',4615),
 (57331,'$3904.43','15:49',6630),
 (57351,'$6738.09','2:17',8365),
 (60206,'$6805.24','5:49',7574),
 (66469,'$3581.99','15:00',5578),
 (67614,'$7695.29','21:01',5348),
 (69175,'$2934.79','9:36',2813),
 (69271,'$5165.68','0:42',2081),
 (71610,'$3397.38','22:09',1662),
 (73067,'$4649.98','7:48',2129),
 (73673,'$5297.56','8:48',7496),
 (73968,'$6829.31','3:53',7496),
 (77411,'$6877.78','21:10',7496),
 (81548,'$2727.00','9:02',7496),
 (84779,'$2853.81','11:51',7496),
 (85180,'$8799.32','5:40',4615),
 (87981,'$8504.67','18:49',6630),
 (88177,'$826.87','3:03',8365),
 (88490,'$598.52','9:53',7574),
 (88897,'$4564.16','6:15',5578),
 (89689,'$6421.69','20:10',5348),
 (90079,'$2096.00','20:51',2813),
 (94147,'$4603.24','2:21',2081),
 (96038,'$5763.39','6:29',1662),
 (98816,'$6216.33','22:28',2129),
 (99497,'$1136.71','15:28',1330);
 
 CREATE TABLE `employeeaudit` (
  `Audit_ID` int NOT NULL AUTO_INCREMENT,
  `Timestamp` timestamp NULL DEFAULT CURRENT_TIMESTAMP,
  `ChangeType` varchar(10) NOT NULL,
  `Employee_ID` int DEFAULT NULL,
  `FirstName` varchar(255) DEFAULT NULL,
  `LastName` varchar(255) DEFAULT NULL,
  `HireDate` date DEFAULT NULL,
  `Members` int DEFAULT NULL,
  `Supervisor` int DEFAULT NULL,
  PRIMARY KEY (`Audit_ID`),
  KEY `Employee_ID` (`Employee_ID`),
  CONSTRAINT `employeeaudit_ibfk_1` FOREIGN KEY (`Employee_ID`) REFERENCES `employees` (`Employee_ID`)
) ENGINE=InnoDB AUTO_INCREMENT=4 DEFAULT CHARSET=utf8mb4 COLLATE=utf8mb4_0900_ai_ci;

CREATE TABLE IF NOT EXISTS EquipmentAudit (
    Audit_ID INTEGER PRIMARY KEY AUTOINCREMENT,
    Timestamp TIMESTAMP,
    Equipment_ID INTEGER,
    Cost TEXT,
    Action TEXT,
    FOREIGN KEY (Equipment_ID) REFERENCES Equipment(Equipment_ID)
);

CREATE TABLE `memberaudit` (
  `Audit_ID` int NOT NULL AUTO_INCREMENT,
  `Timestamp` timestamp NULL DEFAULT CURRENT_TIMESTAMP,
  `Member_ID` int DEFAULT NULL,
  `First_Name` varchar(255) DEFAULT NULL,
  `Last_Name` varchar(255) DEFAULT NULL,
  `ChangeType` varchar(50) DEFAULT NULL,
  PRIMARY KEY (`Audit_ID`)
) ENGINE=InnoDB AUTO_INCREMENT=3 DEFAULT CHARSET=utf8mb4 COLLATE=utf8mb4_0900_ai_ci;


CREATE TABLE IF NOT EXISTS SupervisorAudit (
    Audit_ID INTEGER PRIMARY KEY AUTOINCREMENT,
    Timestamp TIMESTAMP,
    Supervisor_ID INTEGER,
    First_Name TEXT,
    Last_Name TEXT,
    Action TEXT,
    FOREIGN KEY (Supervisor_ID) REFERENCES Supervisor(Supervisor_ID)
);
COMMIT;
